condition,observations,failures,failure_rate,motors
20240105_164214,21912,0,0.0,6
20240105_165300,19848,0,0.0,6
20240105_165972,17106,0,0.0,6
20240320_152031,762,0,0.0,6
20240320_153841,4800,0,0.0,6
20240320_155664,1146,0,0.0,6
20240321_122650,8856,0,0.0,6
20240325_135213,36000,0,0.0,6
20240325_152902,36468,0,0.0,6
20240325_155003,39912,15329,0.38406995389857684,6
20240425_093699,1386,82,0.05916305916305916,6
20240425_094425,3360,129,0.038392857142857145,6
20240426_140055,6264,484,0.0772669220945083,6
20240426_141190,7542,0,0.0,6
20240426_141532,2580,0,0.0,6
20240426_141602,1326,0,0.0,6
20240426_141726,918,0,0.0,6
20240426_141938,1116,0,0.0,6
20240426_141980,1008,0,0.0,6
20240503_163963,6894,347,0.05033362344067305,6
20240503_164435,8394,0,0.0,6
20240503_164675,3594,480,0.1335559265442404,6
20240503_165189,4662,212,0.045474045474045474,6
