threshold,true_warnings,false_alarms,missed_failures,true_negatives,precision,recall,false_positive_rate,false_alarms_per_true_warning
0.01,300,22163,0,42,0.013355295374616036,1.0,0.9981085341139383,73.87666666666667
0.02,300,22144,0,61,0.013366601318837996,1.0,0.9972528709750056,73.81333333333333
0.03,300,22144,0,61,0.013366601318837996,1.0,0.9972528709750056,73.81333333333333
0.05,300,22144,0,61,0.013366601318837996,1.0,0.9972528709750056,73.81333333333333
0.07,300,22144,0,61,0.013366601318837996,1.0,0.9972528709750056,73.81333333333333
0.1,300,22125,0,80,0.013377926421404682,1.0,0.996397207836073,73.75
0.15,300,21626,0,579,0.013682386208154701,1.0,0.973924791713578,72.08666666666667
0.2,300,20234,0,1971,0.014609915262491478,1.0,0.9112362080612475,67.44666666666667
0.3,300,15159,0,7046,0.019406171162429653,1.0,0.6826840801621257,50.53
0.4,300,10618,0,11587,0.02747755999267265,1.0,0.47818058995721685,35.39333333333333
0.5,300,8034,0,14171,0.03599712023038157,1.0,0.36181040306237333,26.78
0.6,300,6718,0,15487,0.04274722143060701,1.0,0.3025444719657735,22.393333333333334
0.7,299,5860,1,16345,0.04854684201980841,0.9966666666666667,0.26390452600765596,19.598662207357858
0.8,0,2137,300,20068,0.0,0.0,0.09623958567890115,inf
0.9,0,0,300,22205,0.0,0.0,0.0,inf
